{
  "controller/View1.controller.js": 1606915841800,
  "Component.js": 1606915841800,
  "model/models.js": 1606915841804,
  "i18n/i18n.properties": 1606915841804,
  "manifest.json": 1606916219547,
  "manifest-bundle.zip": 1606916219367,
  "Component-preload.js": 1606916219527,
  "Component-dbg.js": 1606915841800,
  "controller/View1-dbg.controller.js": 1606915841800,
  "model/models-dbg.js": 1606915841804,
  "resources.json": 1606916219550,
  "view/View1.view.xml": 1606916183925,
  "css/style.css": 1606915841804,
  "index.html": 1606915841800
}